appid	release	w1
1426450	2025-01-15	798
1428100	2024-05-10	128
1429850	2024-09-02	198
1430760	2024-03-29	59
1432850	2024-08-16	140
1438480	2024-04-02	63
1442670	2024-07-11	91
1445740	2024-03-29	19
1449550	2024-03-11	30
1450250	2024-03-27	57
1451470	2024-06-17	43
1454960	2024-09-24	26
1456940	2025-01-29	23
1458140	2024-02-21	3830
1460550	2024-10-21	69
1465550	2025-03-06	12
1466060	2025-05-23	4153
1466580	2024-05-03	15
1469260	2024-01-18	17
1471270	2024-05-17	141
1472930	2024-07-16	80
1476400	2025-09-22	45
1477070	2024-08-08	336
1478310	2025-03-19	11
1479810	2024-02-02	188
1481170	2024-11-08	412
1483190	2025-03-06	49
1484760	2024-06-03	13
1485690	2024-10-04	55
1487560	2024-05-13	11
1491000	2025-03-04	431
1491410	2025-01-28	303
1493520	2024-06-22	29
1496590	2024-03-21	48
1497460	2025-07-23	256
1498570	2024-12-12	25
1501690	2024-04-05	48
1504570	2024-04-17	36
1507580	2024-11-28	4445
1511880	2025-03-06	21
1513480	2024-09-06	19
1517180	2024-11-14	81
1521330	2025-03-09	29
1521970	2024-03-12	423
1523650	2024-01-23	94
1527350	2025-01-21	25
1528220	2024-01-19	19
1529640	2025-04-25	71
1534340	2024-03-21	21
1534980	2024-08-19	489
1536620	2025-06-03	183
1543710	2024-09-24	59
1545990	2025-09-18	17
1548520	2025-04-23	1418
1550190	2025-06-02	35
1552140	2024-08-20	60
1554680	2024-01-16	17
1557220	2025-09-23	21
1558000	2024-05-30	57
1559650	2025-02-23	13
1561960	2025-08-11	28
1562690	2025-04-17	36
1564600	2024-10-03	201
1567530	2025-08-25	19
1568400	2024-02-06	1419
1569750	2024-10-30	29
1573100	2024-03-12	238
1574000	2024-09-13	10
1574820	2024-06-25	448
1575940	2024-08-15	2682
1576420	2024-04-08	24
1578290	2024-03-01	20
1579390	2024-09-20	31
1581950	2024-01-09	184
1583850	2024-05-09	137
1586340	2024-04-16	40
1587070	2024-07-05	20
1588540	2024-02-28	13
1590760	2024-11-05	493
1591760	2024-07-25	27
1592290	2025-04-09	73
1592920	2025-07-25	10
1594210	2024-12-09	15
1597910	2025-05-01	103
1599070	2024-09-12	34
1599780	2025-02-14	48
1601580	2024-09-20	9120
1604030	2024-05-08	6011
1604270	2025-06-19	5461
1606180	2024-04-17	1933
1611580	2025-01-08	11
1612420	2025-06-20	411
1613580	2024-01-12	14
1618320	2025-05-21	16
1619310	2025-07-31	157
1620730	2025-09-04	1206
1622350	2024-09-19	665
1622910	2024-06-18	1144
1626620	2025-04-01	82
1627870	2024-08-15	96
1629350	2024-01-10	35
1631670	2024-09-19	102
1635450	2025-02-21	342
1636710	2024-03-01	276
1638500	2024-07-30	27
1640300	2025-05-28	114
1640630	2024-05-07	226
1641120	2024-07-22	31
1643320	2024-11-20	41887
1644770	2025-01-03	31
1649730	2025-02-04	54
1652250	2024-08-15	197
1653880	2024-06-13	10
1656930	2025-01-29	192
1658040	2024-11-13	227
1658920	2024-05-23	199
1660080	2025-01-15	743
1663040	2024-10-10	595
1664200	2024-03-07	401
1669480	2025-09-09	620
1670920	2025-09-02	26
1671740	2024-11-08	72
1672670	2024-05-20	71
1675000	2024-05-02	61
1676380	2024-01-12	15
1679510	2024-05-06	124
1682290	2024-07-26	55
1683380	2025-09-22	12
1684350	2024-03-04	951
1689500	2024-03-13	133
1689640	2025-01-08	227
1696440	2024-11-05	235
1697170	2025-01-06	24
1704180	2025-01-15	45
1706360	2025-01-14	89
1708950	2025-06-17	45
1709880	2024-11-21	161
1714360	2024-11-06	19
1715030	2025-03-29	14
1717580	2024-12-02	10
1721110	2025-08-12	1395
1723780	2024-11-15	331
1724300	2025-02-25	13
1728610	2024-11-14	50
1729140	2025-01-31	87
1733080	2024-10-23	16
1733170	2024-10-17	109
1737400	2024-01-05	30
1739300	2024-07-31	13
1746590	2024-01-12	17
1747190	2025-09-24	15
1751350	2024-09-18	38
1752540	2025-08-14	35
1759380	2024-02-21	409
1761380	2024-10-30	51
1768650	2025-06-13	17
1769830	2025-05-28	176
1776840	2024-05-30	14
1777790	2024-05-16	13
1781260	2024-02-23	34
1781890	2024-10-25	160
1783680	2024-08-01	57
1785650	2024-04-25	706
1791590	2024-08-20	340
1791910	2024-07-15	27
1796720	2024-12-10	218
1797060	2024-03-15	21
1802720	2024-12-30	14
1804010	2025-05-13	574
1809540	2024-05-28	1968
1811330	2025-09-17	112
1813860	2024-12-10	70
1818570	2024-02-05	22
1823390	2025-04-22	123
1826710	2025-05-08	75
1830700	2024-05-13	44
1831480	2024-08-25	15
1833710	2024-06-25	26
1835190	2024-03-28	14
1839680	2025-09-25	20
1839810	2025-04-21	530
1841150	2024-02-29	20
1841240	2024-12-20	64
1845910	2024-10-31	14811
1847150	2024-05-14	166
1856600	2025-07-14	19
1859720	2025-01-08	19
1864880	2025-09-16	46
1866980	2024-09-24	124
1870700	2024-12-04	78
1875830	2024-06-13	2606
1878490	2025-06-23	22
1883370	2025-04-07	166
1888060	2024-06-18	50
1893810	2024-02-22	453
1897650	2024-04-15	114
1904880	2025-04-23	30
1910090	2025-09-18	141
1914060	2025-04-15	31
1920430	2025-07-28	519
1924780	2024-02-13	202
1928980	2024-02-20	7518
1933370	2025-01-24	108
1936810	2025-07-24	37
1941410	2024-01-19	130
1951220	2024-05-08	669
1953670	2025-03-05	18
1955830	2024-04-03	556
1959120	2025-01-21	44
1961600	2025-05-08	189
1966220	2024-05-21	85
1969920	2024-08-01	14
1978690	2024-06-25	10
1983990	2024-04-18	26
1987400	2025-07-25	172
1991300	2024-08-01	58
1997980	2024-07-22	12
2000590	2024-02-12	15
2004060	2025-02-03	15
2008860	2024-06-18	11
2012320	2025-06-05	97
2015130	2025-04-18	14
2017610	2024-09-05	117
2021880	2024-09-24	919
2027380	2025-09-26	65
2054380	2025-03-24	39
2057690	2024-02-20	10
2060590	2024-10-23	98
2067160	2024-10-10	23
2071120	2024-04-29	15
2072980	2025-01-12	73
2074920	2024-06-30	31741
2076140	2024-06-20	545
2079980	2024-11-20	46
2082410	2024-04-11	292
2085440	2024-03-12	17
2089830	2024-04-04	56
2093610	2024-09-17	41
2095540	2024-08-19	35
2100150	2025-04-09	36
2103230	2024-03-27	21
2105610	2024-01-06	12
2107550	2024-07-24	56
2111360	2024-01-16	21
2116060	2024-11-14	202
2118420	2025-02-19	392
2123640	2024-09-12	609
2128270	2024-05-07	223
2132850	2024-05-09	2364
2136770	2024-06-13	11
2138570	2025-05-20	16
2140570	2024-07-30	45
2144590	2024-11-11	385
2146970	2024-07-18	10
2151290	2025-01-16	35
2158690	2025-07-15	12
2160700	2024-02-29	10
2165620	2024-06-05	24
2170370	2024-06-27	69
2172010	2024-10-04	1063
2175540	2024-09-11	201
2179390	2025-09-19	13
2182400	2024-04-10	695
2184770	2024-07-22	54
2187220	2024-01-24	538
2191540	2025-03-06	60
2194730	2025-09-15	21
2197890	2025-05-30	24
2199510	2025-05-01	10
2201930	2024-04-25	186
2204170	2024-06-04	108
2206730	2025-05-01	11
2209390	2024-12-07	15
2214000	2024-03-06	58
2216250	2024-11-22	12
2217910	2024-06-27	16
2221390	2025-08-07	55
2225010	2024-10-09	38
2226980	2024-08-23	15
2229850	2024-03-07	2074
2230980	2024-02-15	442
2233920	2025-05-29	28
2237520	2024-12-31	11
2239140	2025-02-07	240
2241800	2024-01-05	18
2244470	2024-08-09	108
2248330	2024-04-24	150
2249850	2024-02-20	17
2254710	2024-03-11	91
2259130	2024-03-22	17
2262080	2025-05-14	50
2265420	2025-04-23	30
2271930	2024-11-04	312
2274200	2025-01-16	127
2275940	2025-08-09	26
2278790	2024-09-12	58
2282650	2024-10-22	18
2285980	2024-05-20	11
2288470	2025-09-23	705
2289740	2025-05-27	23
2292060	2024-03-01	118
2294160	2024-09-27	71
2298690	2025-04-24	26
2300100	2024-12-12	11
2302540	2025-02-22	43
2306020	2024-10-31	15
2308690	2025-07-10	219
2312520	2024-11-11	116
2315400	2025-03-04	318
2318480	2025-01-17	33
2319640	2024-03-25	29
2321470	2025-09-17	1400
2322450	2025-08-15	44
2324210	2024-10-11	23
2326050	2024-05-26	23
2330870	2024-03-28	32
2331980	2024-04-26	13
2333940	2025-08-20	34
2336220	2024-02-20	663
2337460	2024-07-31	53
2340640	2025-04-09	38
2343610	2025-08-13	28
2346230	2024-08-10	11
2348070	2024-09-18	13
2350280	2024-08-29	39
2353250	2024-12-10	532
2355220	2024-04-26	46
2358720	2024-08-19	502562
