appid	release	pre	w1	d30	d90	d365	all
1919270	2024-03-22	0	17	18	19	23	29
3646280	2025-04-27	0	8	20	30	45	52
2211390	2024-01-15	0	155	182	203	249	283
3785910	2025-06-19	0	0	0	1	3	3
2686680	2024-10-04	0	0	0	0	0	0
3123310	2024-09-30	0	0	0	0	0	1
2693990	2024-12-30	0	1	1	1	2	2
2669560	2024-02-12	0	0	0	0	0	0
1701330	2024-02-22	0	26	46	53	67	111
2808610	2024-03-08	0	5	7	8	8	8
3344960	2025-06-04	0	53	94	99	114	118
3190530	2025-03-21	0	19	26	29	50	64
2620240	2024-08-28	297	51	191	267	375	738
2726830	2024-04-04	0	3	4	5	6	6
3634460	2025-06-02	0	2	2	3	7	8
2235550	2025-05-22	0	48	59	63	87	89
3538820	2025-06-16	0	12	13	18	37	44
3422130	2025-06-17	0	2	4	5	5	5
3615840	2025-04-11	0	4	7	9	11	14
3584440	2025-04-04	0	0	0	0	0	0
2849970	2024-05-09	0	0	1	1	3	10
3305430	2025-01-22	0	6	9	9	10	10
3574870	2025-03-25	0	2	3	3	6	9
3033600	2024-11-11	0	14	18	22	27	27
3298800	2024-11-11	0	1	1	1	3	3
2790020	2025-03-31	0	31	38	49	63	70
3379270	2025-01-25	0	1	1	1	1	1
3348100	2024-12-03	0	0	0	2	9	10
3652910	2025-05-15	0	1	4	6	6	6
1405390	2024-03-08	0	0	1	1	1	2
2726060	2025-05-29	0	65	75	84	87	89
3511960	2025-06-10	0	3	14	42	81	94
2757540	2024-08-28	0	6	9	14	17	28
3118570	2024-09-01	0	1	1	1	1	1
3066470	2024-07-20	0	25	46	75	202	475
2836760	2024-03-08	0	16	20	24	29	37
3163880	2024-10-16	0	0	0	0	0	0
2515030	2024-08-15	0	66	78	94	157	188
3397830	2024-12-27	0	1	3	6	7	7
3245380	2024-10-10	0	4	9	12	14	17
2859060	2024-05-31	0	5	7	11	14	17
3114230	2024-08-07	0	11	15	19	32	50
2655920	2024-08-07	0	6	12	12	14	18
3208890	2025-06-24	0	3	3	4	4	4
3240780	2024-11-08	0	3	4	4	6	8
1954160	2025-05-01	0	585	782	905	1204	1301
2790100	2024-12-03	0	7	12	18	22	31
3210930	2024-09-25	0	6	7	15	23	29
3364220	2025-05-09	0	1	2	2	2	2
3117740	2024-11-18	0	0	2	2	2	2
2465460	2024-10-31	0	0	1	1	1	1
2824580	2025-02-13	0	29	40	47	59	74
2722600	2024-07-11	0	5	6	7	12	19
3135220	2024-08-15	0	5	7	8	11	14
3631580	2025-04-23	0	4	10	17	25	30
3150720	2024-10-01	0	41	113	151	237	295
3400090	2025-01-28	0	2	2	2	3	3
2988850	2024-06-06	0	4	9	11	15	19
2743030	2024-03-20	0	50	78	148	281	489
1125510	2025-05-25	467	58	195	349	545	1050
1164460	2024-10-31	0	20	31	41	50	54
2909910	2024-10-31	0	15	19	32	44	54
3102790	2024-08-01	0	0	2	2	2	2
2052660	2024-10-25	0	1	4	8	12	12
778440	2024-07-26	0	6	13	15	21	23
1482620	2024-11-07	4712	20	262	330	597	5511
2883180	2025-02-02	0	1	2	3	3	5
2430860	2024-04-06	0	1	2	5	9	15
3263310	2024-12-22	0	0	2	2	3	3
2888420	2024-06-13	0	2	2	3	8	9
1890750	2024-01-19	0	4	5	12	17	20
2557860	2024-08-15	0	0	0	0	0	0
3100650	2025-06-24	0	24	31	35	45	49
1839860	2024-04-11	0	18	19	23	28	33
1228320	2024-05-13	30	22	32	45	57	97
2361760	2024-06-24	0	27	31	41	58	72
3649930	2025-05-27	0	3	7	9	10	10
3233710	2024-10-18	0	2	2	2	2	2
1082410	2024-05-22	0	16	19	20	25	32
3723410	2025-06-13	0	0	0	1	1	1
3288940	2024-10-30	0	2	2	2	4	8
2880650	2024-05-09	0	6	7	8	11	17
3457480	2025-02-20	0	1	1	1	1	1
2738940	2025-03-10	235	28	47	72	129	384
581910	2024-05-28	162	0	4	5	8	176
2787050	2024-02-16	0	22	55	79	118	175
3189680	2024-09-19	0	37	105	135	176	199
3055000	2024-12-26	0	6	7	7	14	19
2694960	2024-06-05	0	0	0	0	0	0
2830680	2024-02-22	0	1	1	10	16	21
2297690	2024-02-13	0	20	33	40	45	50
1916310	2024-01-23	333	16	39	78	227	704
2797050	2024-07-13	0	1	1	1	2	5
2343890	2024-06-12	0	0	0	0	0	0
2613950	2024-06-02	0	31	45	59	91	219
2907720	2024-04-13	0	0	2	6	14	18
2966400	2025-03-25	0	22	31	45	51	52
2921830	2024-05-01	0	0	0	0	1	2
2914880	2024-04-19	0	0	0	0	0	0
3605150	2025-04-08	0	41	44	51	64	64
3117810	2025-03-28	0	2	4	4	9	10
2644960	2024-01-13	3	2	2	2	2	6
1397130	2024-01-08	0	105	130	150	171	184
2531300	2024-07-25	0	16	20	23	31	33
2888340	2024-06-13	0	8	14	15	16	18
2479290	2024-01-12	0	146	244	337	478	622
3301070	2024-11-25	0	8	16	22	38	51
1749010	2024-03-29	0	27	53	68	110	136
2820110	2024-04-22	0	17	21	31	66	136
2484270	2024-10-28	4	0	0	1	1	5
3288810	2024-11-20	0	1	1	1	2	2
2131020	2024-01-15	17	2	3	5	7	30
2634510	2024-02-14	0	1	1	2	2	3
822240	2025-01-08	3052	5	19	85	365	3603
2592940	2024-02-15	0	1	3	4	6	6
3459910	2025-02-12	0	0	0	0	2	2
3429150	2025-05-28	0	6	10	14	18	18
2774240	2024-02-02	0	34	115	205	562	686
2115800	2024-08-22	0	23	25	25	26	27
1996430	2024-02-27	0	250	436	543	816	1130
3176790	2025-03-27	0	2	3	3	5	6
2458430	2025-04-07	0	157	240	332	566	631
2899930	2025-03-24	7	0	0	1	7	14
2773010	2024-05-23	0	2	4	4	5	5
1465460	2024-04-11	0	4981	7357	9012	13750	18699
3560280	2025-05-26	0	8	12	13	15	17
887490	2025-04-08	0	228	314	418	598	658
3080030	2024-10-23	0	1	1	4	6	8
3249120	2024-10-11	0	2	4	5	7	10
1640220	2025-04-25	0	18	21	26	30	31
1536090	2024-04-29	0	671	1257	1649	2485	3146
3010320	2024-06-27	0	4	4	5	5	5
2752840	2024-04-03	0	3	9	12	19	27
1698600	2024-06-14	0	2	2	2	3	3
3203590	2025-04-25	0	10	18	26	123	141
2594290	2024-11-05	0	21	28	60	67	69
2979450	2024-06-14	0	0	0	0	0	0
3522290	2025-04-11	0	1	2	3	3	3
3135160	2024-08-22	0	0	0	0	1	2
1741900	2024-06-13	0	1	1	1	3	3
2196810	2024-02-18	0	0	0	0	0	0
2817210	2024-02-20	0	7	18	22	33	42
3056640	2025-02-05	0	16	24	30	47	48
3303320	2024-12-09	0	41	74	91	147	199
3095550	2024-08-26	0	37	64	84	123	149
3236890	2024-12-19	0	1	3	3	7	8
2710050	2025-01-20	0	0	1	1	2	2
3076790	2024-09-04	0	0	0	0	0	0
3713380	2025-06-18	0	8	11	14	18	19
3007460	2025-03-04	0	6	39	49	65	70
2833320	2024-11-08	0	2	3	3	3	4
3772540	2025-06-16	0	2	4	6	9	10
3644860	2025-06-30	0	7	7	10	13	14
2424500	2025-03-11	0	1	1	1	2	4
3584710	2025-05-03	0	1	2	2	2	2
3037060	2024-10-06	0	118	202	342	629	845
3653910	2025-05-08	0	26	34	39	45	47
2547750	2024-05-14	0	29	45	58	79	90
2698690	2024-02-19	0	3	3	3	4	13
3064110	2025-03-03	0	0	0	0	1	1
3174620	2024-12-10	0	3	3	3	3	3
3304770	2025-04-11	0	108	185	252	455	550
2312160	2024-06-25	0	32	53	66	104	137
3502000	2025-04-18	0	3	3	4	6	6
2371110	2024-01-30	0	0	1	1	6	10
3360880	2025-03-03	0	3	5	5	6	6
3051470	2025-04-10	0	101	149	184	225	243
3086500	2025-06-19	0	19	23	28	36	40
3404470	2025-05-13	0	511	939	1259	2860	3154
2952590	2024-05-22	0	18	20	23	32	35
2836910	2024-02-28	0	1	2	4	12	16
1589270	2024-08-09	0	2	12	17	24	30
3155580	2025-06-05	0	1	2	2	3	3
3340070	2025-02-20	0	1	2	3	4	5
3327270	2024-12-06	0	0	0	0	0	1
3406750	2025-01-23	0	1	1	1	1	1
3222680	2024-10-10	0	1	1	2	5	8
3092150	2024-11-01	0	0	0	0	0	0
3351530	2025-04-06	0	2	3	3	5	5
3061020	2024-07-17	0	14	24	41	67	90
2937590	2025-03-07	0	47	71	85	179	213
2772080	2024-11-27	0	13	17	22	29	32
3172420	2025-04-06	0	15	24	27	32	32
3210900	2024-10-12	0	3	4	8	17	21
3112100	2024-08-15	0	0	0	2	12	17
3503390	2025-02-28	0	8	10	10	12	12
1124180	2024-02-22	1335	86	187	257	648	2636
2904100	2024-08-22	0	8	10	10	15	15
3406480	2025-02-11	0	0	0	0	1	3
2948460	2024-05-27	0	4	5	14	18	19
3215350	2024-10-11	0	1	2	2	2	2
3344810	2024-12-09	0	0	4	4	23	56
3142570	2024-08-25	0	5	9	15	32	65
851300	2025-01-19	0	1	1	1	2	2
2707110	2024-12-16	0	37	76	114	264	364
3548990	2025-05-21	0	6	9	9	10	11
3692660	2025-06-01	0	418	792	1256	3012	3344
3191400	2025-04-14	18	0	0	2	11	29
2761080	2024-01-19	0	2	4	5	8	12
2456430	2024-09-23	44	7	32	43	77	152
3629550	2025-05-20	0	0	1	3	10	11
1563410	2024-06-28	0	0	0	0	0	0
3515760	2025-06-18	0	0	0	0	1	2
2348720	2025-03-03	0	3	6	7	10	10
2558620	2025-06-17	0	7	7	9	10	10
3078580	2024-12-12	0	2	5	6	7	9
2990800	2024-07-16	0	0	3	3	3	3
2341050	2024-12-12	0	22	26	36	52	56
3424230	2025-02-26	0	2	2	2	8	8
2290760	2025-02-01	0	2	2	2	2	2
2870770	2024-10-24	0	0	3	5	6	9
2767500	2024-01-26	0	1	2	3	3	3
3148940	2024-09-03	0	0	0	0	0	0
2667540	2024-11-05	0	22	36	41	44	45
3597930	2025-05-01	0	65	126	181	350	370
3423010	2025-04-26	0	0	0	0	0	0
3405630	2025-01-04	0	2	2	2	2	3
2838360	2024-10-23	0	12	18	25	32	39
3637060	2025-05-01	0	2	3	7	16	16
2641830	2024-02-20	0	1	1	1	1	2
2878630	2024-04-04	0	0	0	0	0	0
3206660	2024-12-16	0	9	14	16	20	21
2895030	2024-05-09	0	0	1	1	1	1
3070920	2024-09-08	0	27	37	50	73	87
3058130	2024-07-05	0	6	9	10	14	20
3740040	2025-05-29	0	0	1	3	3	4
3622250	2025-04-09	0	1	3	5	8	9
3092760	2024-07-31	0	6	8	9	9	9
3184880	2024-09-25	0	2	2	2	3	3
2598190	2024-09-24	0	27	40	60	107	128
2566350	2024-04-19	0	28	47	59	75	97
2247540	2025-01-31	0	0	0	0	0	0
1539710	2024-04-23	0	0	1	1	3	4
3146540	2024-08-30	0	2	2	4	6	9
2949020	2024-06-18	0	7	12	15	71	80
2908340	2024-05-16	0	4	5	6	20	26
3099660	2024-10-22	0	873	1200	1470	1985	2218
3147920	2024-08-29	0	0	0	0	0	0
3386230	2025-02-03	0	6	9	9	13	16
3193670	2025-04-10	0	183	244	299	398	414
2669440	2024-08-09	0	21	39	44	47	49
2734460	2024-04-25	7	0	0	0	0	7
2913890	2024-11-08	0	5	7	11	13	15
3119020	2024-09-01	0	0	0	0	0	0
2851340	2024-03-14	0	3	3	4	6	6
3096700	2024-08-13	0	18	26	30	42	58
2435870	2025-06-18	0	81	109	123	159	172
2975270	2024-10-22	0	3	8	15	18	20
1059640	2024-07-30	5	0	1	1	4	15
2716970	2024-01-04	0	3	3	4	4	4
3147960	2025-04-17	0	1	1	1	3	3
2021600	2025-04-10	0	17	22	24	28	29
3499410	2025-04-16	0	2	3	4	8	9
3275720	2025-01-01	0	0	0	0	2	2
3097040	2024-08-08	0	0	0	0	0	0
2586250	2024-04-25	0	12	14	15	21	28
3232580	2025-04-27	0	24	42	48	63	68
2729440	2024-03-04	0	1	1	1	5	9
2934550	2024-04-26	0	1	2	2	5	8
2347910	2024-12-12	441	10	23	32	58	512
2858000	2024-03-20	0	0	0	0	1	1
3646550	2025-05-26	0	2	3	3	3	3
3105150	2025-01-03	0	4	6	10	35	54
3061470	2025-03-12	0	0	0	0	0	0
2592060	2024-03-28	0	7	19	33	45	68
3454590	2025-04-21	0	359	854	1403	2579	2746
2769820	2024-03-01	0	12	28	40	60	73
2543490	2024-09-13	0	3	8	9	16	21
3193390	2024-09-18	0	5	7	10	12	14
2968730	2024-05-16	0	3	3	3	6	7
2973700	2024-06-20	0	8	14	15	15	15
2832220	2024-05-05	0	8	34	40	52	77
2940030	2025-01-17	0	5	7	8	8	9
3429970	2025-03-25	0	5	5	5	5	5
2735630	2024-01-10	0	260	890	1367	2238	2784
1391200	2024-08-02	0	31	52	57	79	86
3252350	2024-11-15	0	0	1	1	1	1
2856640	2024-03-21	0	0	0	0	0	0
2462000	2024-05-19	0	10	14	16	24	24
2270500	2024-12-11	0	0	1	3	5	6
2469490	2024-08-08	0	6	8	9	15	20
2999690	2024-06-14	0	0	0	0	1	1
2364830	2024-02-28	0	5	13	15	20	29
2803540	2024-03-16	0	1	1	2	5	8
2660120	2024-04-14	0	0	0	0	1	1
2826610	2024-02-22	0	0	0	0	0	0
2776860	2025-03-31	0	165	230	279	384	392
1785220	2024-03-08	0	13	17	19	20	23
3449460	2025-03-03	0	3	6	7	9	9
3387040	2024-12-26	0	0	1	3	3	3
1726890	2024-12-12	0	26	32	36	50	57
3482410	2025-02-14	0	1	1	1	1	1
2122090	2024-11-18	0	93	133	164	243	283
3693350	2025-05-14	0	1	3	16	36	44
3336170	2024-12-20	0	0	0	0	0	0
2433710	2024-01-05	0	0	0	0	9	9
2728100	2024-06-21	0	0	0	0	1	1
2833440	2024-02-29	0	0	0	0	0	0
3341420	2024-11-19	0	3	5	9	44	81
3262660	2024-12-19	0	6	17	21	26	32
2925310	2024-08-07	0	22	33	44	93	122
2796110	2024-02-07	0	1	2	3	6	6
2794830	2025-02-19	0	183	272	361	503	543
3699870	2025-05-13	0	0	0	0	1	1
2270370	2024-04-05	0	1	1	1	3	7
2475300	2025-03-03	0	26	35	46	78	97
2789750	2024-04-12	0	15	16	17	26	29
2714620	2025-05-22	0	571	1138	1551	2557	2804
2419500	2024-08-02	0	1	6	7	9	15
3734790	2025-06-10	0	0	1	11	11	11
2553580	2024-11-15	0	0	0	0	0	0
790330	2025-01-07	0	1	2	5	5	6
3385400	2024-12-25	0	0	0	0	0	0
2993770	2025-02-10	0	2	3	3	4	4
3385350	2025-03-14	0	1	1	1	1	1
3249680	2024-10-10	0	11	29	44	54	63
2731920	2024-07-23	0	8	17	19	22	25
2704060	2024-01-05	0	5	8	12	19	24
3042190	2025-04-04	0	366	631	710	851	890
3218580	2025-06-04	0	259	401	484	602	627
3010480	2024-09-11	0	10	17	19	26	31
3015110	2024-06-17	0	8	8	41	98	115
3222950	2025-02-09	0	1	2	2	2	2
3249180	2024-10-08	0	29	59	96	142	178
1490900	2024-07-04	0	5	10	11	18	22
3285170	2025-05-08	0	3	4	4	4	4
2665150	2024-10-20	9	3	3	5	8	19
2934100	2024-06-05	0	2	2	4	5	5
844860	2024-02-26	83	0	1	3	6	93
3680080	2025-06-17	0	3	5	7	20	27
1359090	2024-09-09	27772	264	498	1044	3847	33452
2966270	2024-05-14	0	4	17	22	34	45
3081260	2024-08-21	0	0	0	0	0	0
1898300	2024-06-20	0	1473	2746	3704	7093	12267
2764650	2024-06-21	0	1	2	2	4	5
3412760	2025-01-22	0	1	1	1	2	2
2984080	2024-11-15	0	3	4	5	6	6
2701700	2024-10-22	0	58	98	226	378	591
3059490	2024-07-26	0	0	0	0	0	0
2959740	2024-08-19	0	3	3	4	4	9
3429680	2025-05-25	0	1	3	3	4	4
2056180	2025-04-02	0	6	12	16	24	28
2784240	2024-02-07	0	0	0	1	4	5
3385300	2025-02-06	0	3	4	6	13	22
3638970	2025-05-01	0	3	5	6	7	7
3088250	2025-05-18	0	454	731	880	1081	1133
1938720	2024-04-15	0	3	4	6	6	6
3075390	2024-11-27	0	3	3	7	15	19
3676500	2025-05-05	0	1	2	2	5	7
3015310	2025-01-12	0	1	2	2	2	2
2700240	2024-03-22	0	14	31	42	55	78
2675420	2024-01-26	0	2	2	3	5	9
2873190	2024-03-22	0	10	12	24	48	64
3499540	2025-04-28	0	11	42	52	56	57
2781490	2024-02-06	0	2	2	3	4	8
2530980	2025-01-16	0	312	489	588	856	1039
1598580	2024-07-24	0	49	57	62	74	80
2713770	2024-01-30	0	1	1	1	3	3
3037660	2025-03-10	0	13	20	20	27	34
2848950	2024-04-08	0	0	2	2	4	4
2997310	2024-06-28	0	5	6	6	11	25
2834250	2024-10-22	0	1	1	6	8	10
1306770	2024-04-11	189	87	121	165	200	428
2770310	2024-02-22	0	3	4	5	7	7
2823160	2025-05-12	0	4	4	6	12	12
3555730	2025-04-04	0	2	3	3	5	5
2915390	2024-12-04	0	2	7	12	15	18
3053750	2024-09-02	0	1	1	2	3	5
1108270	2024-10-21	0	14	23	42	167	273
2945880	2025-01-29	0	5	7	7	7	7
3689930	2025-05-16	0	1	2	2	3	4
3101710	2024-09-04	0	2	3	7	8	10
2696170	2024-02-13	0	5	7	7	10	13
2543750	2024-05-29	1	0	0	0	2	4
3226030	2024-10-02	0	0	0	0	4	8
3192160	2025-02-26	0	5	7	8	12	12
1400850	2024-01-12	0	0	1	1	1	1
3120370	2024-08-16	0	0	0	0	4	4
3706430	2025-05-30	0	3	8	17	37	41
2825410	2025-02-25	0	4	9	15	19	19
1627350	2025-01-30	0	334	551	742	1385	1864
2150910	2024-05-17	0	27	33	39	44	46
2858790	2024-04-09	0	6	10	16	30	37
2066020	2025-06-17	21705	437	1186	2290	4706	26866
2934930	2025-03-24	0	3	3	3	6	6
1819890	2024-01-10	0	3	7	9	28	31
2875270	2024-03-29	0	0	0	0	0	0
2945220	2024-10-24	0	8	13	22	35	41
2946170	2024-07-09	0	5	7	7	8	8
2480950	2024-08-02	27	0	1	2	3	36
3237180	2024-10-28	0	0	1	4	4	5
3271250	2025-06-27	0	6	9	9	9	9
3174140	2024-10-04	0	3	3	3	4	4
3419670	2025-01-23	0	37	44	46	59	62
3145370	2025-03-07	0	15	50	74	148	198
1979570	2024-09-23	32	20	41	53	77	127
3221940	2024-10-19	0	0	0	0	0	0
2888030	2024-05-30	0	8	19	28	37	42
2194820	2024-06-25	0	11	18	25	28	32
2317320	2025-05-29	0	3	5	7	12	12
3191420	2025-03-07	0	7	10	12	24	26
2878710	2024-08-14	0	89	148	212	339	388
3379150	2025-04-22	0	2	2	4	4	5
3488380	2025-03-20	0	0	0	0	0	0
3050580	2024-09-30	0	0	0	0	0	0
2836010	2024-08-13	0	13	20	22	31	40
1952370	2024-01-24	999	199	426	573	822	2055
2900420	2024-08-28	0	2	7	14	20	23
2742160	2024-01-26	0	0	0	1	1	1
3689090	2025-05-26	0	4	4	4	4	4
3556740	2025-05-02	0	213	375	463	584	615
2913020	2024-05-04	0	0	0	0	0	0
2917620	2024-06-07	0	23	38	40	59	82
3009560	2024-12-06	0	35	48	51	56	76
3073460	2024-07-24	0	15	30	41	71	97
2639500	2024-03-15	0	0	2	2	2	3
3583660	2025-05-06	0	2	3	3	4	4
3059220	2024-07-07	0	21	30	39	55	74
3334660	2024-12-26	0	86	446	644	885	1075
3569940	2025-06-13	0	0	0	0	0	1
3562270	2025-04-11	0	2	5	6	9	13
3282350	2025-04-25	0	1	1	2	5	5
2851150	2024-07-31	0	184	271	346	567	795
3071490	2024-12-06	0	10	11	12	13	13
2790790	2024-09-30	0	22	34	47	62	69
2884490	2024-04-01	0	37	72	121	241	369
3135110	2024-08-22	0	0	0	0	1	4
2744840	2024-02-03	0	6	7	9	10	13
3315920	2024-11-20	0	0	0	0	1	1
2595540	2024-09-27	23	1	2	8	19	63
1689530	2025-03-04	3	0	0	0	1	5
2918490	2025-01-27	0	8	13	36	66	81
2824310	2024-11-04	0	109	318	375	436	459
2610630	2024-07-30	0	12	14	18	21	24
2928100	2024-11-24	0	0	2	2	3	3
2701510	2024-08-06	0	152	323	556	691	718
3070340	2024-07-18	0	1	4	4	10	17
2511310	2025-06-05	0	146	274	449	697	741
1787670	2025-06-15	13	0	0	0	1	14
2746000	2024-02-13	0	17	33	41	55	64
3637340	2025-06-21	0	0	0	0	4	5
2777410	2024-01-31	0	1	1	3	4	9
1808680	2024-03-07	0	705	1135	1448	2747	4325
2709920	2024-02-28	0	0	0	0	0	0
3182870	2025-04-25	0	4	9	16	33	43
3377790	2025-06-07	0	3	3	4	7	8
3528900	2025-04-03	3	1	3	3	4	7
3534850	2025-06-19	0	9	15	17	27	28
3263940	2024-12-07	0	6	16	20	27	31
3028210	2024-12-20	0	3	5	7	11	18
3388000	2025-01-21	0	0	0	0	1	3
3583120	2025-04-22	0	0	0	0	0	0
3094040	2025-02-17	0	27	39	46	63	70
2446680	2024-01-04	0	36	62	79	128	282
2830330	2024-10-30	0	1	1	1	1	1
3606740	2025-04-30	0	0	10	12	14	14
2964430	2024-11-08	0	1	1	3	3	3
3690900	2025-06-10	0	0	0	0	3	5
2993080	2024-06-07	0	0	0	0	4	12
2375730	2024-05-24	35	1	4	16	21	65
2876550	2024-10-28	0	568	850	1119	1438	1590
3008530	2024-06-19	0	4	4	6	10	16
3458030	2025-02-11	0	4	6	6	6	6
3391910	2025-03-28	0	0	0	0	0	0
3319040	2024-12-24	0	0	0	0	0	0
2983370	2024-09-01	1	0	0	0	0	1
3441160	2025-05-18	0	0	1	2	2	2
3333890	2024-12-13	0	6	78	140	213	267
2721690	2024-11-10	0	9	13	16	29	30
2862660	2024-07-22	0	25	28	29	39	43
3647900	2025-05-31	0	3	10	16	20	21
2845070	2024-07-25	0	16	26	33	43	54
3489520	2025-02-12	0	3	4	6	7	7
3410340	2025-05-30	0	1	3	5	5	5
3646830	2025-05-06	0	4	11	19	39	43
2845720	2024-09-30	0	4	9	16	20	21
3192960	2024-11-14	0	3	12	12	17	19
2817910	2024-10-23	0	12	22	28	36	40
2952130	2024-06-29	0	3	4	4	6	10
2705500	2024-02-15	0	2	3	3	3	3
2977070	2024-12-26	0	8	11	11	18	22
2719190	2024-05-17	0	4	30	106	343	496
1473060	2025-02-10	0	313	476	536	683	756
3374720	2024-12-22	0	23	52	83	163	218
2559140	2025-02-22	0	1	1	1	1	1
2914170	2024-10-31	0	2	4	4	6	7
3625820	2025-05-20	0	0	1	1	2	2
2564720	2024-02-05	0	1	1	1	1	1
3237300	2024-12-28	1	0	0	0	0	1
2613730	2024-03-04	0	0	0	0	0	0
3062980	2024-07-18	0	0	0	1	3	3
2850810	2024-04-19	0	2	2	5	7	7
3649130	2025-05-16	0	28	38	47	62	66
3277350	2025-05-21	0	23	24	25	25	25
3479690	2025-03-19	0	1	1	1	1	1
2105910	2024-09-04	48	52	102	138	342	697
2803140	2024-04-22	0	12	18	24	33	39
2023000	2024-02-01	0	20	30	40	66	124
3274480	2024-10-22	0	2	2	2	2	2
3715670	2025-05-30	0	0	1	1	1	1
3712020	2025-05-20	0	2	8	19	85	99
2968070	2025-03-30	0	2	6	8	13	13
2998480	2024-07-07	0	0	0	0	0	0
2652180	2024-08-26	0	0	2	2	2	2
2878840	2024-04-21	0	0	0	0	0	0
3229310	2024-12-15	0	2	3	3	3	4
2748720	2024-02-08	0	0	0	0	0	0
2699250	2024-07-15	0	8	14	22	37	46
2990550	2024-08-30	0	3	4	6	15	18
3237590	2024-11-05	0	2	3	5	8	11
3673560	2025-05-07	0	0	1	2	2	3
2427140	2024-04-24	0	3	3	3	3	3
3011550	2024-07-05	0	5	7	7	7	8
3013470	2024-06-22	0	25	64	83	116	156
3668420	2025-05-03	0	6	6	6	7	7
2843200	2024-03-20	0	1	1	1	1	1
3122240	2024-08-09	0	1	2	3	4	4
2836600	2024-06-21	0	1	3	5	7	7
3441600	2025-02-03	0	2	2	2	2	2
3560520	2025-04-04	0	1	1	1	1	2
2858370	2025-02-14	0	87	108	132	248	346
3588540	2025-05-12	0	0	0	0	0	0
2357950	2024-12-17	42	1	3	5	17	64
2672550	2024-08-23	0	2	2	2	4	4
3367000	2025-04-02	0	11	32	39	58	72
3372960	2024-12-13	0	14	17	19	23	30
1886210	2025-04-04	0	11	18	27	31	34
3805500	2025-06-25	0	0	0	0	0	0
2741440	2024-01-25	0	9	9	11	23	33
1769100	2025-02-20	13	5	9	12	14	27
2981080	2024-06-06	0	9	14	19	26	31
2720670	2024-11-07	0	1	1	1	4	4
3722990	2025-06-26	0	1	1	1	2	2
2952820	2024-06-27	0	0	1	1	1	2
2588990	2024-05-26	0	7	10	12	16	20
2422990	2024-07-31	0	1	3	4	4	5
2761130	2024-03-11	0	27	30	31	33	35
2286070	2025-03-04	0	2	3	10	13	13
3479150	2025-02-13	0	7	8	8	10	10
3725520	2025-05-28	0	0	1	2	3	3
3097780	2024-12-11	0	0	0	0	0	1
3564900	2025-03-19	0	0	1	1	1	1
2873990	2024-11-28	0	2	4	6	10	12
2552680	2024-11-06	23	1	8	17	30	67
3035440	2024-06-21	0	0	1	1	2	2
2338070	2024-01-05	0	45	79	97	132	154
2724600	2024-02-09	0	1	2	3	5	7
1696810	2024-12-05	5130	76	168	256	579	6043
3398370	2025-02-24	0	4	8	11	16	20
3199200	2024-12-14	0	1	2	3	3	3
3018320	2025-01-16	0	13	14	16	17	17
2932550	2024-08-08	0	5	9	11	13	18
3004110	2024-06-05	0	1	2	3	6	7
2559860	2024-05-27	0	15	21	24	33	40
2883020	2025-05-21	0	0	0	0	0	0
2363790	2024-05-26	20	4	6	6	7	27
2775230	2024-05-08	0	0	0	2	4	7
3045050	2024-10-18	0	2	2	3	7	12
2616090	2024-06-12	0	17	23	26	34	38
3094220	2024-08-08	0	19	21	22	26	27
1394470	2025-04-24	0	15	20	30	45	50
3226850	2025-01-10	0	102	178	225	297	331
1974540	2024-06-06	0	7	10	10	10	10
2678880	2024-02-22	0	1	1	1	1	1
2635690	2024-07-31	0	1	1	1	3	5
2464980	2024-02-01	0	1	5	11	16	21
2959180	2024-05-25	0	1	1	1	1	1
2895600	2024-09-02	0	11	15	16	22	31
3346610	2025-02-11	0	2	4	5	6	9
3204480	2025-03-21	0	1	1	1	5	5
3160730	2024-08-29	0	4	10	15	31	54
2876980	2024-05-06	0	26	41	55	73	85
3653710	2025-05-01	0	16	20	28	39	43
3646610	2025-06-21	0	0	0	0	0	0
2628850	2024-03-06	0	0	0	0	0	0
2692750	2024-03-25	0	0	0	0	3	3
3191140	2025-03-14	0	3	3	3	4	4
2447980	2025-06-18	0	86	159	231	398	482
2342320	2025-03-25	3	1	2	3	3	6
3245740	2024-10-24	0	12	18	24	37	42
3539920	2025-03-12	0	2	2	2	2	2
655740	2024-02-19	323	1	2	5	21	380
2794230	2024-02-16	0	0	0	0	0	0
3466230	2025-03-05	0	5	11	13	16	18
2426030	2025-02-21	0	0	3	4	8	9
3178350	2025-02-12	0	551	876	1203	1959	2368
2901290	2024-04-19	0	9	18	26	49	116
1822240	2024-12-09	0	94	150	203	318	388
3291580	2024-12-05	0	1	1	1	1	1
2826180	2024-05-02	0	289	803	1274	3629	4840
3122950	2024-08-11	0	13	22	34	78	102
2538880	2025-06-19	0	205	321	380	470	491
1664810	2024-02-28	61	0	0	1	4	66
3724560	2025-06-19	0	19	19	19	19	20
2976190	2024-08-08	0	6	8	11	11	11
3615760	2025-04-09	0	0	0	0	0	0
2999790	2024-10-02	0	10	14	16	22	40
3407980	2025-01-02	0	1	2	2	3	3
2189120	2024-02-14	0	2	2	2	6	8
2851770	2024-06-27	0	13	22	31	120	234
